Component,File,Lines_of_Code,Key_Features,Technology_Stack,Target_Accuracy,Status
Image Processor,image_processor.py,310,"OpenCV/PIL loading, resizing, grayscale, normalization, face detection","OpenCV, PIL, NumPy, logging",N/A,Complete
Feature Extractor,feature_extractor.py,415,"LBP texture analysis, HOG edge detection, multi-scale features, visualization","scikit-image, OpenCV, NumPy, matplotlib",N/A,Complete
Classifier,classifier.py,520,"SVM (RBF/Linear/Poly), Random Forest, GridSearchCV, cross-validation, model persistence","scikit-learn, joblib, pandas, NumPy",94%,Complete
Evaluation,evaluation.py,380,"Confusion matrix, ROC/PR curves, comprehensive metrics, visualization, reporting","matplotlib, seaborn, scikit-learn, pandas",Visualization,Complete
Interface (CLI),interface.py,650,"Single/batch detection, training commands, argument parsing, progress monitoring","argparse, sys, os, threading",N/A,Complete
Interface (GUI),interface.py,650,"Tkinter GUI, image preview, model management, batch processing, threading","tkinter, PIL, threading, matplotlib",N/A,Complete
Training Pipeline,train_meowtrix.py,470,"Complete pipeline, dataset loading, feature extraction, training, evaluation","All above + datetime, time, warnings",94% overall,Complete
Configuration System,meowtrix_config.json,35,"JSON-based settings, model parameters, dataset configuration, hardware specs","JSON, Python built-ins",N/A,Complete
Documentation,README.md,520,"Comprehensive README, installation guide, usage examples, troubleshooting","Markdown, badges, documentation",N/A,Complete
Demo System,demo.py,180,"Sample data generation, training demo, detection demo, interactive walkthrough","PIL, NumPy, OS operations",Educational,Complete
